id,title,keywords,description,url,Sub classification,owl link
ado,Alzheimer's Disease Ontology,ado.owl,"Alzheimer's Disease Ontology is a knowledge-based ontology that encompasses varieties of concepts related to Alzheimer'S Disease, structured by upper level Basic Formal Ontology(BFO). This Ontology is enriched by the interrelated entities that demonstrate the network of the understanding on Alzheimer's disease and can be readily applied for text mining.",https://github.com/Fraunhofer-SCAI-Applied-Semantics/ADO,,http://purl.obolibrary.org/obo/ado.owl
afpo,African Population Ontology,"afpo.owl, afpo.obo, afpo.json","AfPO is an ontology that can be used in the study of diverse populations across Africa. It brings together publicly available demographic, anthropological and genetic data relating to African people in a standardised and structured format. The AfPO can be employed to classify African study participants comprehensively in prospective research studies. It can also be used to classify past study participants by mapping them using a language or ethnicity identifier or synonyms.",https://github.com/h3abionet/afpo,,http://purl.obolibrary.org/obo/afpo.owl
agro,Agronomy Ontology,agro.owl,"Ontology of agronomic practices, agronomic techniques, and agronomic variables used in agronomic experiments",https://github.com/AgriculturalSemantics/agro,,http://purl.obolibrary.org/obo/agro.owl
aism,Ontology for the Anatomy of the Insect SkeletoMuscular system (AISM),"aism.owl, aism.obo, aism.json",The AISM contains terms used in insect biodiversity research for describing structures of the exoskeleton and the skeletomuscular system. It aims to serve as the basic backbone of generalized terms to be expanded with order-specific terminology.,https://github.com/insect-morphology/aism,,http://purl.obolibrary.org/obo/aism.owl
amphx,The Amphioxus Development and Anatomy Ontology,"amphx.owl, amphx.obo",An ontology for the development and anatomy of Amphioxus (Branchiostoma lanceolatum).,https://github.com/EBISPOT/amphx_ontology,,http://purl.obolibrary.org/obo/amphx.owl
apo,Ascomycete phenotype ontology,"apo.owl, apo.obo",A structured controlled vocabulary for the phenotypes of Ascomycete fungi,http://www.yeastgenome.org/,,http://purl.obolibrary.org/obo/apo.owl
apollo_sv,Apollo Structured Vocabulary,apollo_sv.owl,An OWL2 ontology of phenomena in infectious disease epidemiology and population biology for use in epidemic simulation.,https://github.com/ApolloDev/apollo-sv,,http://purl.obolibrary.org/obo/apollo_sv.owl
aro,Antibiotic Resistance Ontology,aro.owl,Antibiotic resistance genes and mutations,https://github.com/arpcard/aro,,http://purl.obolibrary.org/obo/aro.owl
bco,Biological Collections Ontology,bco.owl,"An ontology to support the interoperability of biodiversity data, including data on museum collections, environmental/metagenomic samples, and ecological surveys.",https://github.com/BiodiversityOntologies/bco,,http://purl.obolibrary.org/obo/bco.owl
bfo,Basic Formal Ontology,"bfo.owl, bfo.obo",The upper level ontology upon which OBO Foundry ontologies are built.,http://ifomis.org/bfo/,,http://purl.obolibrary.org/obo/bfo.owl
bmont,Biomarker Ontology,BMONT.owl,An application ontology that represents comprehensive knowledge involving a variety of fields of medical and biological aspects.,https://github.com/SCAI-BIO/BiomarkerOntology,,http://purl.obolibrary.org/obo/bmont.owl
bspo,Biological Spatial Ontology,"bspo.owl, bspo.obo","An ontology for representing spatial concepts, anatomical axes, gradients, regions, planes, sides, and surfaces",https://github.com/obophenotype/biological-spatial-ontology,,http://purl.obolibrary.org/obo/bspo.owl
bto,BRENDA tissue / enzyme source,"bto.owl, bto.obo, bto.json","A structured controlled vocabulary for the source of an enzyme comprising tissues, cell lines, cell types and cell cultures.",http://www.brenda-enzymes.org,,http://purl.obolibrary.org/obo/bto.owl
caro,Common Anatomy Reference Ontology,caro.owl,An upper level ontology to facilitate interoperability between existing anatomy ontologies for different species,https://github.com/obophenotype/caro/,,http://purl.obolibrary.org/obo/caro.owl
cdao,Comparative Data Analysis Ontology,cdao.owl,a formalization of concepts and relations relevant to evolutionary comparative analysis,https://github.com/evoinfo/cdao,,http://purl.obolibrary.org/obo/cdao.owl
cdno,Compositional Dietary Nutrition Ontology,"cdno.owl, cdno.obo",CDNO provides structured terminologies to describe nutritional attributes of material entities that contribute to human diet.,https://cdno.info/,,http://purl.obolibrary.org/obo/cdno.owl
chebi,Chemical Entities of Biological Interest,"chebi.owl, chebi.obo, chebi.owl.gz, chebi/chebi_lite.obo, chebi/chebi_core.obo",A structured classification of molecular entities of biological interest focusing on 'small' chemical compounds.,http://www.ebi.ac.uk/chebi,,http://purl.obolibrary.org/obo/chebi.owl
cheminf,Chemical Information Ontology,cheminf.owl,Includes terms for the descriptors commonly used in cheminformatics software applications and the algorithms which generate them.,https://github.com/semanticchemistry/semanticchemistry,,http://purl.obolibrary.org/obo/cheminf.owl
chiro,CHEBI Integrated Role Ontology,"chiro.owl, chiro.obo","CHEBI provides a distinct role hierarchy. Chemicals in the structural hierarchy are connected via a 'has role' relation. CHIRO provides links from these roles to useful other classes in other ontologies. This will allow direct connection between chemical structures (small molecules, drugs) and what they do. This could be formalized using 'capable of', in the same way Uberon and the Cell Ontology link structures to processes.",https://github.com/obophenotype/chiro,,http://purl.obolibrary.org/obo/chiro.owl
chmo,Chemical Methods Ontology,chmo.owl,"CHMO, the chemical methods ontology, describes methods used to",https://github.com/rsc-ontologies/rsc-cmo,,http://purl.obolibrary.org/obo/chmo.owl
cido,Coronavirus Infectious Disease Ontology,cido.owl,"The Coronavirus Infectious Disease Ontology (CIDO) aims to ontologically represent and standardize various aspects of coronavirus infectious diseases, including their etiology, transmission, epidemiology, pathogenesis, diagnosis, prevention, and treatment.",https://github.com/cido-ontology/cido,,http://purl.obolibrary.org/obo/cido.owl
cio,Confidence Information Ontology,"cio.owl, cio.obo",An ontology to capture confidence information about annotations.,https://github.com/BgeeDB/confidence-information-ontology,,http://purl.obolibrary.org/obo/cio.owl
cl,Cell Ontology,"cl.owl, cl.obo, cl.json, cl/cl-basic.owl, cl/cl-basic.obo, cl/cl-basic.json, cl/cl-base.owl, cl/cl-base.obo, cl/cl-base.json",The Cell Ontology is a structured controlled vocabulary for cell types in animals.,https://obophenotype.github.io/cell-ontology/,,http://purl.obolibrary.org/obo/cl.owl
clao,Collembola Anatomy Ontology,"clao.owl, clao.obo",CLAO is an ontology of anatomical terms employed in morphological descriptions for the Class Collembola (Arthropoda: Hexapoda).,https://github.com/luis-gonzalez-m/Collembola,,http://purl.obolibrary.org/obo/clao.owl
clo,Cell Line Ontology,clo.owl,An ontology to standardize and integrate cell line information and to support computer-assisted reasoning.,https://github.com/CLO-Ontology/CLO,,http://purl.obolibrary.org/obo/clo.owl
clyh,Clytia hemisphaerica Development and Anatomy Ontology,"clyh.owl, clyh.obo",The Clytia hemisphaerica Development and Anatomy Ontology (CLYH) describes the anatomical and developmental features of the Clytia hemisphaerica life cycle.,https://github.com/EBISPOT/clyh_ontology,,http://purl.obolibrary.org/obo/clyh.owl
cmo,Clinical measurement ontology,"cmo.owl, cmo.obo",Morphological and physiological measurement records generated from clinical and model organism research and health programs.,http://rgd.mcw.edu/rgdweb/ontology/search.html,,http://purl.obolibrary.org/obo/cmo.owl
cob,Core Ontology for Biology and Biomedicine,"cob.owl, cob/cob-base.owl, cob/cob-native.owl, cob/cob-to-external.owl, cob/products/demo-cob.owl",COB brings together key terms from a wide range of OBO projects to improve interoperability.,https://obofoundry.org/COB/,,http://purl.obolibrary.org/obo/cob.owl
colao,Coleoptera Anatomy Ontology (COLAO),"colao.owl, colao.obo","The Coleoptera Anatomy Ontology contains terms used for describing the anatomy and phenotype of beetles in biodiversity research. It has been built using the Ontology Develoment Kit, with the Ontology for the Anatomy of the Insect Skeleto-Muscular system (AISM) as a backbone.",https://github.com/insect-morphology/colao,,http://purl.obolibrary.org/obo/colao.owl
cro,Contributor Role Ontology,cro.owl,"A classification of the diverse roles performed in the work leading to a published research output in the sciences. Its purpose to provide transparency in contributions to scholarly published work, to enable improved systems of attribution, credit, and accountability.",https://github.com/data2health/contributor-role-ontology,,http://purl.obolibrary.org/obo/cro.owl
cteno,Ctenophore Ontology,cteno.owl,An anatomical and developmental ontology for ctenophores (Comb Jellies),https://github.com/obophenotype/ctenophore-ontology,,http://purl.obolibrary.org/obo/cteno.owl
cto,CTO: Core Ontology of Clinical Trials,cto.owl,The core Ontology of Clinical Trials (CTO) will serve as a structured resource integrating basic terms and concepts in the context of clinical trials. Thereby covering clinicaltrails.gov. CoreCTO will serve as a basic ontology to generate extended versions for specific applications such as annotation of variables in study documents from clinical trials.,https://github.com/ClinicalTrialOntology/CTO/,,http://purl.obolibrary.org/obo/cto.owl
cvdo,Cardiovascular Disease Ontology,cvdo.owl,An ontology to describe entities related to cardiovascular diseases,https://github.com/OpenLHS/CVDO,,http://purl.obolibrary.org/obo/cvdo.owl
ddanat,Dictyostelium discoideum anatomy,"ddanat.owl, ddanat.obo",A structured controlled vocabulary of the anatomy of the slime-mold Dictyostelium discoideum,http://dictybase.org/,,http://purl.obolibrary.org/obo/ddanat.owl
ddpheno,Dictyostelium discoideum phenotype ontology,"ddpheno.owl, ddpheno.obo",A structured controlled vocabulary of phenotypes of the slime-mould <i>Dictyostelium discoideum</i>.,http://dictybase.org/,,http://purl.obolibrary.org/obo/ddpheno.owl
dideo,Drug-drug Interaction and Drug-drug Interaction Evidence Ontology,dideo.owl,The Potential Drug-drug Interaction and Potential Drug-drug Interaction Evidence Ontology,https://github.com/DIDEO/DIDEO,,http://purl.obolibrary.org/obo/dideo.owl
disdriv,Disease Drivers Ontology,disdriv.owl,"Ontology for drivers and triggers of human diseases, built to classify ExO ontology exposure stressors. An application ontology. Built in collaboration with EnvO, ExO, ECTO and ChEBI.",http://www.disease-ontology.org,,http://purl.obolibrary.org/obo/disdriv.owl
doid,Human Disease Ontology,"doid.owl, doid.obo",An ontology for describing the classification of human diseases organized by etiology.,http://www.disease-ontology.org,,http://purl.obolibrary.org/obo/doid.owl
dpo,Drosophila Phenotype Ontology,"dpo.owl, dpo.obo, dpo.json",An ontology of commonly encountered and/or high level Drosophila phenotypes.,http://purl.obolibrary.org/obo/fbcv,,http://purl.obolibrary.org/obo/dpo.owl
dron,The Drug Ontology,dron.owl,An ontology to support comparative effectiveness researchers studying claims data.,https://github.com/ufbmi/dron,,http://purl.obolibrary.org/obo/dron.owl
duo,Data Use Ontology,duo.owl,DUO is an ontology which represent data use conditions.,https://github.com/EBISPOT/DUO,,http://purl.obolibrary.org/obo/duo.owl
ecao,The Echinoderm Anatomy and Development Ontology,"ecao.owl, ecao.obo",An ontology for the development and anatomy of the different species of the phylum Echinodermata (NCBITaxon:7586).,https://github.com/echinoderm-ontology/ecao_ontology,,http://purl.obolibrary.org/obo/ecao.owl
eco,Evidence and Conclusion Ontology,"eco.owl, eco.obo",An ontology for experimental and other evidence statements.,https://www.evidenceontology.org,,http://purl.obolibrary.org/obo/eco.owl
ecocore,An ontology of core ecological entities,"ecocore.owl, ecocore.obo",Ecocore is a community ontology for the concise and controlled description of ecological traits of organisms.,https://github.com/EcologicalSemantics/ecocore,,http://purl.obolibrary.org/obo/ecocore.owl
ecto,"Environmental conditions, treatments and exposures ontology","ecto.owl, ecto.obo, ecto.json, ecto/ecto-base.owl, ecto/ecto-base.obo, ecto/ecto-base.json","ECTO describes exposures to experimental treatments of plants and model organisms (e.g. exposures to modification of diet, lighting levels, temperature); exposures of humans or any other organisms to stressors through a variety of routes, for purposes of public health, environmental monitoring etc, stimuli, natural and experimental, any kind of environmental condition or change in condition that can be experienced by an organism or population of organisms on earth. The scope is very general and can include for example plant treatment regimens, as well as human clinical exposures (although these may better be handled by a more specialized ontology).",https://github.com/EnvironmentOntology/environmental-exposure-ontology,,http://purl.obolibrary.org/obo/ecto.owl
emapa,Mouse Developmental Anatomy Ontology,"emapa.owl, emapa.obo",An ontology for mouse anatomy covering embryonic development and postnatal stages.,http://www.informatics.jax.org/expression.shtml,,http://purl.obolibrary.org/obo/emapa.owl
envo,Environment Ontology,"envo.owl, envo.json, envo.obo, envo/subsets/envo-basic.obo, envo/subsets/envoEmpo.owl, envo/subsets/EnvO-Lite-GSC.obo","An ontology of environmental systems, components, and processes.",http://environmentontology.org/,,http://purl.obolibrary.org/obo/envo.owl
epio,Epilepsy Ontology,"epio.owl, EPIO_merged.owl",A application driven Epilepsy Ontology with official terms from the ILAE.,https://github.com/SCAI-BIO/EpilepsyOntology,,http://purl.obolibrary.org/obo/epio.owl
exo,Exposure ontology,"exo.owl, exo.obo",Vocabularies for describing exposure data to inform understanding of environmental health.,https://github.com/CTDbase/exposure-ontology,,http://purl.obolibrary.org/obo/exo.owl
fao,Fungal gross anatomy,"fao.owl, fao.obo",A structured controlled vocabulary for the anatomy of fungi.,https://github.com/obophenotype/fungal-anatomy-ontology/,,http://purl.obolibrary.org/obo/fao.owl
fbbt,Drosophila gross anatomy,"fbbt.owl, fbbt.obo, fbbt.json, fbbt/fbbt-simple.owl, fbbt/fbbt-simple.obo",An ontology representing the gross anatomy of Drosophila melanogaster.,http://purl.obolibrary.org/obo/fbbt,,http://purl.obolibrary.org/obo/fbbt.owl
fbcv,FlyBase Controlled Vocabulary,"fbcv.owl, fbcv.obo, fbcv.json",A structured controlled vocabulary used for various aspects of annotation by FlyBase.,http://purl.obolibrary.org/obo/fbcv,,http://purl.obolibrary.org/obo/fbcv.owl
fbdv,Drosophila development,"fbdv.owl, fbdv.obo, fbdv.json, fbdv/fbdv-simple.owl, fbdv/fbdv-simple.obo",A structured controlled vocabulary of the development of Drosophila melanogaster.,http://purl.obolibrary.org/obo/fbdv,,http://purl.obolibrary.org/obo/fbdv.owl
fideo,Food Interactions with Drugs Evidence Ontology,fideo.owl,Food-Drug interactions automatically extracted from scientific literature,https://gitub.u-bordeaux.fr/erias/fideo,,http://purl.obolibrary.org/obo/fideo.owl
flopo,Flora Phenotype Ontology,flopo.owl,Traits and phenotypes of flowering plants occurring in digitized Floras,https://github.com/flora-phenotype-ontology/flopoontology,,http://purl.obolibrary.org/obo/flopo.owl
fobi,Food-Biomarker Ontology,fobi.owl,FOBI (Food-Biomarker Ontology) is an ontology to represent food intake data and associate it with metabolomic data,https://github.com/pcastellanoescuder/FoodBiomarkerOntology,,http://purl.obolibrary.org/obo/fobi.owl
foodon,Food Ontology,"foodon.owl, foodon_core.owl","A broadly scoped ontology representing entities which bear a “food role”. It encompasses materials in natural ecosystems and agriculture that are consumed by humans and domesticated animals. This includes any generic (unbranded) raw or processed food material found in processing plants, markets, stores or food distribution points. FoodOn also imports nutritional component and dietary pattern terms from other OBO Foundry ontologies to support interoperability in diet and nutrition research",https://foodon.org/,,http://purl.obolibrary.org/obo/foodon.owl
fovt,FuTRES Ontology of Vertebrate Traits,"fovt.owl, fovt.obo, fovt/fovt-base.owl, fovt/fovt-base.obo",FuTRES Ontology of Vertebrate Traits is an application ontology used to convert vertebrate trait data in spreadsheet to triples. FOVT leverages the BioCollections Ontology (BCO) to link observations of individual specimens to their trait values. Traits are defined in the Ontology of Biological Attributes (OBA).,https://github.com/futres/fovt,,http://purl.obolibrary.org/obo/fovt.owl
fypo,Fission Yeast Phenotype Ontology,"fypo.owl, fypo.obo",FYPO is a formal ontology of phenotypes observed in fission yeast.,https://github.com/pombase/fypo,,http://purl.obolibrary.org/obo/fypo.owl
gallont,Plant Gall Ontology,"gallont.owl, gallont.json, gallont.obo","Ontology of plant gall phenotypes. Plant galls are novel plant structures, generated by plants in response to biotic stressors. This ontology is used to annotate gall phenotypes (e.g., their colors, textures, sizes, locations on the plant) in a semantic way, in order to facilitate discoveries about the genetic and physiologic mechanisms responsible for such phenotypes. The ontology can also be used as a controlled vocabulary for natural language descriptions of plant galls.",https://adeans.github.io/gallont/,,http://purl.obolibrary.org/obo/gallont.owl
gecko,Genomics Cohorts Knowledge Ontology,gecko.owl,An ontology to represent genomics cohort attributes,https://github.com/IHCC-cohorts/GECKO,,http://purl.obolibrary.org/obo/gecko.owl
genepio,Genomic Epidemiology Ontology,genepio.owl,"The Genomic Epidemiology Ontology (GenEpiO) covers vocabulary necessary to identify, document and research foodborne pathogens and associated outbreaks.",http://genepio.org/,,http://purl.obolibrary.org/obo/genepio.owl
geno,Genotype Ontology,geno.owl,"An integrated ontology for representing the genetic variations described in genotypes, and their causal relationships to phenotype and diseases.",https://github.com/monarch-initiative/GENO-ontology/,,http://purl.obolibrary.org/obo/geno.owl
geo,Geographical Entity Ontology,geo.owl,An ontology of geographical entities,https://github.com/ufbmi/geographical-entity-ontology/wiki,,http://purl.obolibrary.org/obo/geo.owl
gno,Glycan Naming and Subsumption Ontology (GNOme),"gno.owl, gno.obo, gno.json","GlyTouCan provides stable accessions for glycans described at varyious degrees of characterization, including compositions (no linkage) and topologies (no carbon bond positions or anomeric configurations). GNOme organizes these stable accessions for interative browsing, for text-based searching, and for automated reasoning with well-defined characterization levels.",https://gnome.glyomics.org/,,http://purl.obolibrary.org/obo/gno.owl
go,Gene Ontology,"go.owl, go.obo, go.json, go/extensions/go-plus.owl, go/go-base.owl, go/extensions/go-plus.json, go/go-basic.obo, go/go-basic.json, go/extensions/go-taxon-groupings.owl, go/snapshot/go.owl, go/snapshot/go.obo",An ontology for describing the function of genes and gene products,http://geneontology.org/,,http://purl.obolibrary.org/obo/go.owl
hancestro,Human Ancestry Ontology,"hancestro.owl, hancestro-base.owl",The Human Ancestry Ontology (HANCESTRO) provides a systematic description of the ancestry concepts used in the NHGRI-EBI Catalog of published genome-wide association studies.,https://ebispot.github.io/hancestro/,,http://purl.obolibrary.org/obo/hancestro.owl
hao,Hymenoptera Anatomy Ontology,"hao.owl, hao.obo, hao/depictions.owl","A structured controlled vocabulary of the anatomy of the Hymenoptera (bees, wasps, and ants)",http://hymao.org,,http://purl.obolibrary.org/obo/hao.owl
hom,Homology Ontology,hom.owl,"This ontology represents concepts related to homology, as well as other concepts used to describe similarity and non-homology.",https://github.com/BgeeDB/homology-ontology,,http://purl.obolibrary.org/obo/hom.owl
hsapdv,Human Developmental Stages,"hsapdv.owl, hsapdv.obo",Life cycle stages for Human,https://github.com/obophenotype/developmental-stage-ontologies/wiki/HsapDv,,http://purl.obolibrary.org/obo/hsapdv.owl
hso,Health Surveillance Ontology,hso.owl,"The health Surveillance Ontology (HSO) focuses on ""surveillance system level data"", that is, data outputs from surveillance activities, such as number of samples collected, cases observed, etc. It aims to support One-Health surveillance, covering animal health, public health and food safety surveillance.",https://w3id.org/hso,,http://purl.obolibrary.org/obo/hso.owl
htn,Hypertension Ontology,htn.owl,"An ontology for representing clinical data about hypertension, intended to support classification of patients according to various diagnostic guidelines",https://github.com/aellenhicks/htn_owl,,http://purl.obolibrary.org/obo/htn.owl
iao,Information Artifact Ontology,"iao.owl, iao/ontology-metadata.owl, iao/dev/iao.owl, iao/d-acts.owl",An ontology of information entities.,https://github.com/information-artifact-ontology/IAO/,,http://purl.obolibrary.org/obo/iao.owl
iceo,Integrative and Conjugative Element Ontology,iceo.owl,ICEO is an integrated biological ontology for the description of bacterial integrative and conjugative elements (ICEs).,https://github.com/ontoice/ICEO,,http://purl.obolibrary.org/obo/iceo.owl
ico,Informed Consent Ontology,ico.owl,An ontology of clinical informed consents,https://github.com/ICO-ontology/ICO,,http://purl.obolibrary.org/obo/ico.owl
ido,Infectious Disease Ontology,ido.owl,"A set of interoperable ontologies that will together provide coverage of the infectious disease domain. IDO core is the upper-level ontology that hosts terms of general relevance across the domain, while extension ontologies host terms to specific to a particular part of the domain.",http://www.bioontology.org/wiki/index.php/Infectious_Disease_Ontology,,http://purl.obolibrary.org/obo/ido.owl
ino,Interaction Network Ontology,ino.owl,An ontology of interactions and interaction networks,https://github.com/INO-ontology/ino,,http://purl.obolibrary.org/obo/ino.owl
labo,clinical LABoratory Ontology,labo.owl,LABO is an ontology of informational entities formalizing clinical laboratory tests prescriptions and reporting documents.,https://github.com/OpenLHS/LABO,,http://purl.obolibrary.org/obo/labo.owl
lepao,Lepidoptera Anatomy Ontology,"lepao.owl, lepao.obo",The Lepidoptera Anatomy Ontology contains terms used for describing the anatomy and phenotype of moths and butterflies in biodiversity research. LEPAO is developed in part by BIOfid (The Specialised Information Service Biodiversity Research).,https://github.com/insect-morphology/lepao,,http://purl.obolibrary.org/obo/lepao.owl
ma,Mouse adult gross anatomy,"ma.owl, ma.obo",A structured controlled vocabulary of the adult anatomy of the mouse (Mus).,https://github.com/obophenotype/mouse-anatomy-ontology,,http://purl.obolibrary.org/obo/ma.owl
maxo,Medical Action Ontology,"maxo.owl, maxo.obo, maxo.json, maxo/maxo-base.owl, maxo/maxo-base.obo, maxo/maxo-base.json","The Medical Action Ontology (MAxO) provides a broad view of medical actions and includes terms for medical procedures, interventions, therapies, treatments, and recommendations.",https://github.com/monarch-initiative/MAxO,,http://purl.obolibrary.org/obo/maxo.owl
mco,Microbial Conditions Ontology,"mco.owl, mco.obo",Microbial Conditions Ontology is an ontology...,https://github.com/microbial-conditions-ontology/microbial-conditions-ontology,,http://purl.obolibrary.org/obo/mco.owl
mcro,Model Card Report Ontology,mcro.owl,An ontology representing the structure of model card reports - reports that describe basic characteristics of machine learning models for the public and consumers.,https://github.com/UTHealth-Ontology/MCRO,,http://purl.obolibrary.org/obo/mcro.owl
mf,Mental Functioning Ontology,mf.owl,The Mental Functioning Ontology is an overarching ontology for all aspects of mental functioning.,https://github.com/jannahastings/mental-functioning-ontology,,http://purl.obolibrary.org/obo/mf.owl
mfoem,Emotion Ontology,mfoem.owl,"An ontology of affective phenomena such as emotions, moods, appraisals and subjective feelings.",https://github.com/jannahastings/emotion-ontology,,http://purl.obolibrary.org/obo/mfoem.owl
mfomd,Mental Disease Ontology,mfomd.owl,"An ontology to describe and classify mental diseases such as schizophrenia, annotated with DSM-IV and ICD codes where applicable",https://github.com/jannahastings/mental-functioning-ontology,,http://purl.obolibrary.org/obo/mfomd.owl
mi,Molecular Interactions Controlled Vocabulary,"mi.owl, mi.obo",A structured controlled vocabulary for the annotation of experiments concerned with protein-protein interactions.,https://github.com/HUPO-PSI/psi-mi-CV,,http://purl.obolibrary.org/obo/mi.owl
miapa,MIAPA Ontology,miapa.owl,An application ontology to formalize annotation of phylogenetic data.,http://www.evoio.org/wiki/MIAPA,,http://purl.obolibrary.org/obo/miapa.owl
mmo,Measurement method ontology,"mmo.owl, mmo.obo",A representation of the variety of methods used to make clinical and phenotype measurements. ,https://rgd.mcw.edu/rgdweb/ontology/view.html?acc_id=MMO:0000000,,http://purl.obolibrary.org/obo/mmo.owl
mmusdv,Mouse Developmental Stages,"mmusdv.owl, mmusdv.obo",Life cycle stages for Mus Musculus,https://github.com/obophenotype/developmental-stage-ontologies/wiki/MmusDv,,http://purl.obolibrary.org/obo/mmusdv.owl
mod,Protein modification,"mod.owl, mod.obo",PSI-MOD is an ontology consisting of terms that describe protein chemical modifications,http://www.psidev.info/MOD,,http://purl.obolibrary.org/obo/mod.owl
mondo,Mondo Disease Ontology,"mondo.owl, mondo.obo, mondo.json, mondo/mondo-base.owl, mondo/mondo-simple.owl",A global community effort to harmonize multiple disease resources to yield a coherent merged ontology.,https://monarch-initiative.github.io/mondo,,http://purl.obolibrary.org/obo/mondo.owl
mop,Molecular Process Ontology,mop.owl,Processes at the molecular level,https://github.com/rsc-ontologies/rxno,,http://purl.obolibrary.org/obo/mop.owl
mp,Mammalian Phenotype Ontology,"mp.owl, mp.obo, mp.json, mp/mp-base.owl",Standard terms for annotating mammalian phenotypic data.,https://www.informatics.jax.org/vocab/mp_ontology/,,http://purl.obolibrary.org/obo/mp.owl
mpath,Mouse pathology ontology,mpath.owl,A structured controlled vocabulary of mutant and transgenic mouse pathology phenotypes,http://www.pathbase.net,,http://purl.obolibrary.org/obo/mpath.owl
mpio,Minimum PDDI Information Ontology,mpio.owl,An ontology of minimum information regarding potential drug-drug interaction information.,https://github.com/MPIO-Developers/MPIO,,http://purl.obolibrary.org/obo/mpio.owl
mro,MHC Restriction Ontology,mro.owl,An ontology for Major Histocompatibility Complex (MHC) restriction in experiments,https://github.com/IEDB/MRO,,http://purl.obolibrary.org/obo/mro.owl
ms,Mass spectrometry ontology,"ms.obo, ms.owl",A structured controlled vocabulary for the annotation of experiments concerned with proteomics mass spectrometry.,http://www.psidev.info/groups/controlled-vocabularies,,http://purl.obolibrary.org/obo/ms.owl
nbo,Neuro Behavior Ontology,nbo.owl,An ontology of human and animal behaviours and behavioural phenotypes,https://github.com/obo-behavior/behavior-ontology/,,http://purl.obolibrary.org/obo/nbo.owl
ncbitaxon,NCBI organismal classification,"ncbitaxon.owl, ncbitaxon.obo, ncbitaxon.json, ncbitaxon/subsets/taxslim.owl, ncbitaxon/subsets/taxslim-disjoint-over-in-taxon.owl",An ontology representation of the NCBI organismal taxonomy,https://github.com/obophenotype/ncbitaxon,,http://purl.obolibrary.org/obo/ncbitaxon.owl
ncit,NCI Thesaurus OBO Edition,"ncit.owl, ncit.obo, ncit/ncit-plus.owl, ncit/neoplasm-core.owl","NCI Thesaurus (NCIt)is a reference terminology that includes broad coverage of the cancer domain, including cancer related diseases, findings and abnormalities. The NCIt OBO Edition aims to increase integration of the NCIt with OBO Library ontologies. NCIt OBO Edition releases should be considered experimental.",https://github.com/NCI-Thesaurus/thesaurus-obo-edition,,http://purl.obolibrary.org/obo/ncit.owl
ncro,Non-Coding RNA Ontology,ncro/dev/ncro.owl,"An ontology for non-coding RNA, both of biological origin, and engineered.",http://omnisearch.soc.southalabama.edu/w/index.php/Ontology,,http://purl.obolibrary.org/obo/ncro.owl
ngbo,Next Generation Biobanking Ontology,ngbo.owl,"The Next Generation Biobanking Ontology (NGBO) is an open application ontology representing contextual data about omics digital assets in biobank. The ontology focuses on capturing the information about three main activities: wet bench analysis used to generate omics data, bioinformatics analysis used to analyze and interpret data, and data management.",https://github.com/Dalalghamdi/NGBO,,http://purl.obolibrary.org/obo/ngbo.owl
nomen,NOMEN - A nomenclatural ontology for biological names,nomen.owl,NOMEN is a nomenclatural ontology for biological names (not concepts).  It encodes the goverened rules of nomenclature.,https://github.com/SpeciesFileGroup/nomen,,http://purl.obolibrary.org/obo/nomen.owl
oae,Ontology of Adverse Events,oae.owl,A biomedical ontology in the domain of adverse events,https://github.com/OAE-ontology/OAE/,,http://purl.obolibrary.org/obo/oae.owl
oarcs,Ontology of Arthropod Circulatory Systems,oarcs.owl,OArCS is an ontology describing the Arthropod ciruclatory system.,https://github.com/aszool/oarcs,,http://purl.obolibrary.org/obo/oarcs.owl
oba,Ontology of Biological Attributes,"oba.owl, oba.obo, oba/subsets/oba-basic.obo",A collection of biological attributes (traits) covering all kingdoms of life.,https://github.com/obophenotype/bio-attribute-ontology,,http://purl.obolibrary.org/obo/oba.owl
obcs,Ontology of Biological and Clinical Statistics,obcs.owl,A biomedical ontology in the domain of biological and clinical statistics.,https://github.com/obcs/obcs,,http://purl.obolibrary.org/obo/obcs.owl
obi,Ontology for Biomedical Investigations,"obi.owl, obi.obo, obi/obi_core.owl, obi/obi-base.owl",An integrated ontology for the description of life-science and clinical investigations,http://obi-ontology.org,,http://purl.obolibrary.org/obo/obi.owl
obib,Ontology for Biobanking,obib.owl,An ontology built for annotation and modeling of biobank repository and biobanking administration,https://github.com/biobanking/biobanking,,http://purl.obolibrary.org/obo/obib.owl
occo,Occupation Ontology,occo.owl,"An ontology representing occupations. It is designed to facilitate harmonization of existing occupation standards, such as the US Bureau of Labor Statistics Standard Occupational Classification (US SOC), the International Standard Classification of Occupations (ISCO), the UK National Statistics Standard Occupational Classification (UK SOC), and the European Skills, Competences, Qualifications and Occupations (ESCO) of the European Union.",https://github.com/Occupation-Ontology/OccO,,http://purl.obolibrary.org/obo/occo.owl
ogg,The Ontology of Genes and Genomes,ogg.owl,A formal ontology of genes and genomes of biological organisms.,https://bitbucket.org/hegroup/ogg,,http://purl.obolibrary.org/obo/ogg.owl
ogms,Ontology for General Medical Science,ogms.owl,An ontology for representing treatment of disease and diagnosis and on carcinomas and other pathological entities,https://github.com/OGMS/ogms,,http://purl.obolibrary.org/obo/ogms.owl
ohd,Oral Health and Disease Ontology,"ohd.owl, ohd/dev/ohd.owl",The Oral Health and Disease Ontology is used for representing the diagnosis and treatment of dental maladies.,https://purl.obolibrary.org/obo/ohd/home,,http://purl.obolibrary.org/obo/ohd.owl
ohmi,Ontology of Host-Microbiome Interactions,ohmi.owl,"The Ontology of Host-Microbiome Interactions aims to ontologically represent and standardize various entities and relations related to microbiomes, microbiome host organisms (e.g., human and mouse), and the interactions between the hosts and microbiomes at different conditions.",https://github.com/ohmi-ontology/ohmi,,http://purl.obolibrary.org/obo/ohmi.owl
ohpi,Ontology of Host Pathogen Interactions,ohpi.owl,OHPI is a community-driven ontology of host-pathogen interactions (OHPI) and represents the virulence factors (VFs) and how the mutants of VFs in the Victors database become less virulence inside a host organism or host cells. It is developed to represent manually curated HPI knowledge available in the PHIDIAS resource.,https://github.com/OHPI/ohpi,,http://purl.obolibrary.org/obo/ohpi.owl
omit,Ontology for MIRNA Target,omit.owl,Ontology to establish data exchange standards and common data elements in the microRNA (miR) domain,http://omit.cis.usouthal.edu/,,http://purl.obolibrary.org/obo/omit.owl
omo,OBO Metadata Ontology,omo.owl,An ontology specifies terms that are used to annotate ontology terms for all OBO ontologies. The ontology was developed as part of Information Artifact Ontology (IAO).,https://github.com/information-artifact-ontology/ontology-metadata,,http://purl.obolibrary.org/obo/omo.owl
omp,Ontology of Microbial Phenotypes,"omp.owl, omp.obo",An ontology of phenotypes covering microbes,http://microbialphenotypes.org,,http://purl.obolibrary.org/obo/omp.owl
omrse,Ontology for Modeling and Representation of Social Entities,omrse.owl,"The Ontology for Modeling and Representation of Social Entities (OMRSE) is an OBO Foundry ontology that represents the various entities that arise from human social interactions, such as social acts, social roles, social groups, and organizations.",https://github.com/mcwdsi/OMRSE/wiki/OMRSE-Overview,,http://purl.obolibrary.org/obo/omrse.owl
one,Ontology for Nutritional Epidemiology,one.owl,An ontology to standardize research output of nutritional epidemiologic studies.,https://github.com/cyang0128/Nutritional-epidemiologic-ontologies,,http://purl.obolibrary.org/obo/one.owl
ons,Ontology for Nutritional Studies,ons.owl,An ontology for description of concepts in the nutritional studies domain.,https://github.com/enpadasi/Ontology-for-Nutritional-Studies,,http://purl.obolibrary.org/obo/ons.owl
ontoavida,OntoAvida: ontology for Avida digital evolution platform,"ontoavida.owl, ontoavida.obo","OntoAvida develops an integrated vocabulary for the description of the most widely-used computational approach for studying evolution using digital organisms (i.e., self-replicating computer programs that evolve within a user-defined computational environment).",https://gitlab.com/fortunalab/ontoavida,,http://purl.obolibrary.org/obo/ontoavida.owl
ontoneo,Obstetric and Neonatal Ontology,ontoneo.owl,"The Obstetric and Neonatal Ontology is a structured controlled vocabulary to provide a representation of the data from electronic health records (EHRs) involved in the care of the pregnant woman, and of her baby.",ontoneo.com,,http://purl.obolibrary.org/obo/ontoneo.owl
oostt,Ontology of Organizational Structures of Trauma centers and Trauma systems,oostt.owl,An ontology built for representating the organizational components of trauma centers and trauma systems.,https://github.com/OOSTT/OOSTT,,http://purl.obolibrary.org/obo/oostt.owl
opl,Ontology for Parasite LifeCycle,opl.owl,A reference ontology for parasite life cycle stages.,https://github.com/OPL-ontology/OPL,,http://purl.obolibrary.org/obo/opl.owl
opmi,Ontology of Precision Medicine and Investigation,opmi.owl,The Ontology of Precision Medicine and Investigation (OPMI) aims to ontologically represent and standardize various entities and relations associated with precision medicine and related investigations at different conditions.,https://github.com/OPMI/opmi,,http://purl.obolibrary.org/obo/opmi.owl
ornaseq,Ontology of RNA Sequencing,ornaseq.owl,An application ontology designed to annotate next-generation sequencing experiments performed on RNA.,http://kim.bio.upenn.edu/software/ornaseq.shtml,,http://purl.obolibrary.org/obo/ornaseq.owl
ovae,Ontology of Vaccine Adverse Events,ovae.owl,A biomedical ontology in the domain of vaccine adverse events.,http://www.violinet.org/ovae/,,http://purl.obolibrary.org/obo/ovae.owl
pato,Phenotype And Trait Ontology,"pato.owl, pato.obo, pato.json, pato/pato-base.owl","An ontology of phenotypic qualities (properties, attributes or characteristics)",https://github.com/pato-ontology/pato/,,http://purl.obolibrary.org/obo/pato.owl
pcl,Provisional Cell Ontology,"pcl.owl, pcl.obo, pcl.json, pcl-base.owl, pcl-base.obo, pcl-base.json, pcl-full.owl, pcl-full.obo, pcl-full.json, pcl-simple.owl, pcl-simple.obo, pcl-simple.json",Cell types that are provisionally defined by experimental techniques such as single cell or single nucleus transcriptomics rather than a straightforward & coherent set of properties.,https://github.com/obophenotype/provisional_cell_ontology,,http://purl.obolibrary.org/obo/pcl.owl
pco,Population and Community Ontology,pco.owl,An ontology about groups of interacting organisms such as populations and communities,https://github.com/PopulationAndCommunityOntology/pco,,http://purl.obolibrary.org/obo/pco.owl
pdro,The Prescription of Drugs Ontology,pdro.owl,An ontology to describe entities related to prescription of drugs,https://github.com/OpenLHS/PDRO,,http://purl.obolibrary.org/obo/pdro.owl
peco,Plant Experimental Conditions Ontology,"peco.owl, peco.obo","A structured, controlled vocabulary which describes the treatments, growing conditions, and/or study types used in plant biology experiments.",http://planteome.org/,,http://purl.obolibrary.org/obo/peco.owl
phipo,Pathogen Host Interaction Phenotype Ontology,"phipo.owl, phipo.obo",PHIPO is a formal ontology of species-neutral phenotypes observed in pathogen-host interactions.,https://github.com/PHI-base/phipo,,http://purl.obolibrary.org/obo/phipo.owl
plana,planaria-ontology,"plana.owl, plana.obo","PLANA, the planarian anatomy ontology, encompasses the anatomy and life cycle stages for both __Schmidtea mediterranea__ biotypes.",https://github.com/obophenotype/planaria-ontology,,http://purl.obolibrary.org/obo/plana.owl
planp,Planarian Phenotype Ontology,"planp.owl, planp.obo",Planarian Phenotype Ontology is an ontology of phenotypes observed in the planarian Schmidtea mediterranea.,https://github.com/obophenotype/planarian-phenotype-ontology,,http://purl.obolibrary.org/obo/planp.owl
po,Plant Ontology,"po.owl, po.obo","The Plant Ontology is a structured vocabulary and database resource that links plant anatomy, morphology and growth and development to plant genomics data.",http://browser.planteome.org/amigo,,http://purl.obolibrary.org/obo/po.owl
poro,Porifera Ontology,"poro.owl, poro.obo",An ontology covering the anatomy of the taxon Porifera (sponges),https://github.com/obophenotype/porifera-ontology,,http://purl.obolibrary.org/obo/poro.owl
ppo,Plant Phenology Ontology,ppo.owl,"An ontology for describing the phenology of individual plants and populations of plants, and for integrating plant phenological data across sources and scales.",https://github.com/PlantPhenoOntology/PPO,,http://purl.obolibrary.org/obo/ppo.owl
pr,PRotein Ontology (PRO),"pr.owl, pr.obo, pr-asserted.owl, pr-asserted.obo",An ontological representation of protein-related entities,http://proconsortium.org,,http://purl.obolibrary.org/obo/pr.owl
proco,Process Chemistry Ontology,proco.owl,"PROCO covers process chemistry, the chemical field concerned with scaling up laboratory syntheses to commercially viable processes.",https://github.com/proco-ontology/PROCO,,http://purl.obolibrary.org/obo/proco.owl
psdo,Performance Summary Display Ontology,psdo.owl,Ontology to reproducibly study visualizations of clinical performance,https://github.com/Display-Lab/psdo,,http://purl.obolibrary.org/obo/psdo.owl
pso,Plant Stress Ontology,"pso.owl, pso.obo",The Plant Stress Ontology describes biotic and abiotic stresses that a plant may encounter.,https://github.com/Planteome/plant-stress-ontology,,http://purl.obolibrary.org/obo/pso.owl
pw,Pathway ontology,"pw.owl, pw.obo",A controlled vocabulary for annotating gene products to pathways.,http://rgd.mcw.edu/rgdweb/ontology/search.html,,http://purl.obolibrary.org/obo/pw.owl
rbo,Radiation Biology Ontology,"rbo.owl, rbo.obo, rbo.json, rbo/rbo-base.owl, rbo/rbo-base.obo, rbo/rbo-base.json",RBO is an ontology for the effects of radiation on biota in terrestrial and space environments.,https://github.com/Radiobiology-Informatics-Consortium/RBO,,http://purl.obolibrary.org/obo/rbo.owl
ro,Relation Ontology,"ro.owl, ro.obo, ro.json, ro/core.owl, ro/ro-base.owl, ro/subsets/ro-interaction.owl, ro/subsets/ro-eco.owl, ro/subsets/ro-neuro.owl",Relationship types shared across multiple ontologies,https://oborel.github.io/,,http://purl.obolibrary.org/obo/ro.owl
rs,Rat Strain Ontology,"rs.owl, rs.obo",Ontology of rat strains,http://rgd.mcw.edu/rgdweb/search/strains.html,,http://purl.obolibrary.org/obo/rs.owl
rxno,Name Reaction Ontology,rxno.owl,Connects organic name reactions to their roles in an organic synthesis and to processes in MOP,https://github.com/rsc-ontologies/rxno,,http://purl.obolibrary.org/obo/rxno.owl
sepio,Scientific Evidence and Provenance Information Ontology,sepio.owl,An ontology for representing the provenance of scientific claims and the evidence that supports them.,https://github.com/monarch-initiative/SEPIO-ontology,,http://purl.obolibrary.org/obo/sepio.owl
slso,Space Life Sciences Ontology,"slso.owl, slso.obo, slso.json, slso-base.owl",The Space Life Sciences Ontology is an application ontology and is intended to support the operation of NASA's Life Sciences Data Archive and other systems that contain space life science research data.,https://github.com/nasa/LSDAO,,http://purl.obolibrary.org/obo/slso.owl
so,Sequence types and features ontology,"so.owl, so.obo, so/subsets/SOFA.owl, so/subsets/SOFA.obo","A structured controlled vocabulary for sequence annotation, for the exchange of annotation data and for the description of sequence objects in databases.",http://www.sequenceontology.org/,,http://purl.obolibrary.org/obo/so.owl
spd,Spider Ontology,spd.owl,"An ontology for spider comparative biology including anatomical parts (e.g. leg, claw), behavior (e.g. courtship, combing) and products (i.g. silk, web, borrow).",http://research.amnh.org/atol/files/,,http://purl.obolibrary.org/obo/spd.owl
stato,The Statistical Methods Ontology,stato.owl,"STATO is a general-purpose STATistics Ontology. Its aim is to provide coverage for processes such as statistical tests, their conditions of application, and information needed or resulting from statistical methods, such as probability distributions, variables, spread and variation metrics. STATO also covers aspects of experimental design and description of plots and graphical representations commonly used to provide visual cues of data distribution or layout and to assist review of the results.",http://stato-ontology.org/,,http://purl.obolibrary.org/obo/stato.owl
swo,Software ontology,"swo.owl, swo.json","The Software Ontology (SWO) is a resource for describing software tools, their types, tasks, versions, provenance and associated data. It contains detailed information on licensing and formats as well as software applications themselves, mainly (but not limited) to the bioinformatics community.",https://github.com/allysonlister/swo,,http://purl.obolibrary.org/obo/swo.owl
symp,Symptom Ontology,"symp.owl, symp.obo","An ontology of disease symptoms, with symptoms encompasing perceived changes in function, sensations or appearance reported by a patient indicative of a disease.",http://symptomontologywiki.igs.umaryland.edu/mediawiki/index.php/Main_Page,,http://purl.obolibrary.org/obo/symp.owl
t4fs,terms4FAIRskills,"t4fs.owl, t4fs.obo, t4fs.json, t4fs-community.owl, t4fs-community.obo, t4fs-community.json",A terminology for the skills necessary to make data FAIR and to keep it FAIR.,https://github.com/terms4fairskills/FAIRterminology,,http://purl.obolibrary.org/obo/t4fs.owl
taxrank,Taxonomic rank vocabulary,"taxrank.owl, taxrank.obo","A vocabulary of taxonomic ranks (species, family, phylum, etc)",https://github.com/phenoscape/taxrank,,http://purl.obolibrary.org/obo/taxrank.owl
to,Plant Trait Ontology,"to.owl, to.obo",A controlled vocabulary to describe phenotypic traits in plants.,http://browser.planteome.org/amigo,,http://purl.obolibrary.org/obo/to.owl
trans,Pathogen Transmission Ontology,"trans.owl, trans.obo","An ontology representing the disease transmission process during which the pathogen is transmitted directly or indirectly from its natural reservoir, a susceptible host or source to a new host.",https://github.com/DiseaseOntology/PathogenTransmissionOntology,,http://purl.obolibrary.org/obo/trans.owl
tto,Teleost taxonomy ontology,"tto.obo, tto.owl",An ontology covering the taxonomy of teleosts (bony fish),https://github.com/phenoscape/teleost-taxonomy-ontology,,http://purl.obolibrary.org/obo/tto.owl
txpo,Toxic Process Ontology,txpo.owl,TOXic Process Ontology (TXPO) systematizes a wide variety of terms involving toxicity courses and processes. The first version of TXPO focuses on liver toxicity.,https://toxpilot.nibiohn.go.jp/,,http://purl.obolibrary.org/obo/txpo.owl
uberon,Uberon multi-species anatomy ontology,"uberon.owl, uberon/uberon-base.owl, uberon/uberon-basic.obo, uberon/collected-metazoan.owl, uberon/composite-metazoan.owl, uberon/composite-vertebrate.owl",An integrated cross-species anatomy ontology covering animals and bridging multiple species-specific ontologies,http://uberon.org,,http://purl.obolibrary.org/obo/uberon.owl
uo,Units of measurement ontology,"uo.owl, uo.obo",Metrical units for use in conjunction with PATO,https://github.com/bio-ontology-research-group/unit-ontology,,http://purl.obolibrary.org/obo/uo.owl
upheno,Unified Phenotype Ontology (uPheno),"upheno.owl, upheno/mp-hp-view.owl, upheno/v2/upheno.owl",The uPheno ontology integrates multiple phenotype ontologies into a unified cross-species phenotype ontology.,https://github.com/obophenotype/upheno,,http://purl.obolibrary.org/obo/upheno.owl
vbo,Vertebrate Breed Ontology,"vbo.owl, vbo.obo, vbo.json, vbo/vbo-base.owl, vbo/vbo-base.obo, vbo/vbo-base.json",Vertebrate Breed Ontology is an ontology created to serve as a single computable resource for vertebrate breed names.,https://github.com/monarch-initiative/vertebrate-breed-ontology,,http://purl.obolibrary.org/obo/vbo.owl
vo,Vaccine Ontology,vo.owl,VO is a biomedical ontology in the domain of vaccine and vaccination.,https://violinet.org/vaccineontology,,http://purl.obolibrary.org/obo/vo.owl
vt,Vertebrate trait ontology,vt.owl,An ontology of traits covering vertebrates,https://github.com/AnimalGenome/vertebrate-trait-ontology,,http://purl.obolibrary.org/obo/vt.owl
vto,Vertebrate Taxonomy Ontology,"vto.owl, vto.obo",Comprehensive hierarchy of extinct and extant vertebrate taxa.,https://github.com/phenoscape/vertebrate-taxonomy-ontology,,http://purl.obolibrary.org/obo/vto.owl
wbbt,C. elegans Gross Anatomy Ontology,"wbbt.owl, wbbt.obo",A structured controlled vocabulary of the anatomy of <i>Caenorhabditis elegans</i>.,https://github.com/obophenotype/c-elegans-gross-anatomy-ontology,,http://purl.obolibrary.org/obo/wbbt.owl
wbls,C. elegans development ontology,"wbls.owl, wbls.obo",A structured controlled vocabulary of the development of <i>Caenorhabditis elegans</i>.,https://github.com/obophenotype/c-elegans-development-ontology,,http://purl.obolibrary.org/obo/wbls.owl
wbphenotype,C. elegans phenotype,"wbphenotype.owl, wbphenotype.obo, wbphenotype/wbphenotype-base.owl",A structured controlled vocabulary of <i>Caenorhabditis elegans</i> phenotypes,https://github.com/obophenotype/c-elegans-phenotype-ontology,,http://purl.obolibrary.org/obo/wbphenotype.owl
xao,Xenopus Anatomy Ontology,"xao.owl, xao.obo",XAO represents the anatomy and development of the African frogs Xenopus laevis and tropicalis.,http://www.xenbase.org/anatomy/xao.do?method=display,,http://purl.obolibrary.org/obo/xao.owl
xco,Experimental condition ontology,"xco.owl, xco.obo",Conditions under which physiological and morphological measurements are made both in the clinic and in studies involving humans or model organisms.,https://rgd.mcw.edu/rgdweb/ontology/view.html?acc_id=XCO:0000000,,http://purl.obolibrary.org/obo/xco.owl
xlmod,HUPO-PSI cross-linking and derivatization reagents controlled vocabulary,"xlmod.obo, xlmod.owl",A structured controlled vocabulary for cross-linking reagents used with proteomics mass spectrometry.,http://www.psidev.info/groups/controlled-vocabularies,,http://purl.obolibrary.org/obo/xlmod.owl
xpo,Xenopus Phenotype Ontology,"xpo.owl, xpo.obo","XPO represents anatomical, cellular, and gene function phenotypes occurring throughout the development of the African frogs Xenopus laevis and tropicalis.",https://github.com/obophenotype/xenopus-phenotype-ontology,,http://purl.obolibrary.org/obo/xpo.owl
zeco,Zebrafish Experimental Conditions Ontology,"zeco.obo, zeco.owl, zeco.json","Experimental conditions applied to zebrafish, developed to facilitate experiment condition annotation at ZFIN",https://github.com/ybradford/zebrafish-experimental-conditions-ontology,,http://purl.obolibrary.org/obo/zeco.owl
zfa,Zebrafish anatomy and development ontology,"zfa.owl, zfa.obo",A structured controlled vocabulary of the anatomy and development of the Zebrafish,https://wiki.zfin.org/display/general/Anatomy+Atlases+and+Resources,,http://purl.obolibrary.org/obo/zfa.owl
zfs,Zebrafish developmental stages ontology,"zfs.owl, zfs.obo",Developmental stages of the Zebrafish,https://wiki.zfin.org/display/general/Anatomy+Atlases+and+Resources,,http://purl.obolibrary.org/obo/zfs.owl
zp,Zebrafish Phenotype Ontology,"zp.owl, zp.obo",The Zebrafish Phenotype Ontology formally defines all phenotypes of the Zebrafish model organism.,https://github.com/obophenotype/zebrafish-phenotype-ontology,,http://purl.obolibrary.org/obo/zp.owl
gsso,"Gender, Sex, and Sexual Orientation (GSSO) ontology","gsso.owl, gsso.obo, gsso.json","The Gender, Sex, and Sexual Orientation (GSSO) ontology has terms for annotating interdisciplinary information concerning gender, sex, and sexual orientation for primary usage in the biomedical and adjacent sciences.",https://gsso.research.cchmc.org/,,http://purl.obolibrary.org/obo/gsso.owl
hp,Human Phenotype Ontology (HPO),"hp.json, hp.obo, hp.owl, hp/hp-base.json, hp/hp-base.obo, hp/hp-base.owl, hp/hp-full.json, hp/hp-full.obo, hp/hp-full.owl, hp/hp-international.json, hp/hp-international.obo, hp/hp-international.owl, hp/hp-simple-non-classified.json, hp/hp-simple-non-classified.obo, hp/hp-simple-non-classified.owl, hp/phenotype.hpoa, hp/phenotype_to_genes.txt, hp/genes_to_phenotype.txt",The Human Phenotype Ontology (HPO) is a structured and controlled vocabulary for the phenotypic features encountered in human hereditary and other disease.,http://www.human-phenotype-ontology.org/,,http://purl.obolibrary.org/obo/hp.owl
kisao,Kinetic Simulation Algorithm Ontology,kisao.owl,"A classification of algorithms for simulating biology, their parameters, and their outputs",https://github.com/SED-ML/KiSAO,,http://purl.obolibrary.org/obo/kisao.owl
sbo,Systems Biology Ontology,sbo.owl,"Terms commonly used in Systems Biology, and in particular in computational modeling.",http://www.ebi.ac.uk/sbo/,,http://purl.obolibrary.org/obo/sbo.owl
scdo,Sickle Cell Disease Ontology,"scdo.owl, scdo.obo",An ontology for the standardization of terminology and integration of knowledge about Sickle Cell Disease.,https://scdontology.h3abionet.org/,,http://purl.obolibrary.org/obo/scdo.owl
fix,Physico-chemical methods and properties,"fix.owl, fix.obo",An ontology of physico-chemical methods and properties.,http://www.ebi.ac.uk/chebi,,http://purl.obolibrary.org/obo/fix.owl
mamo,Mathematical modeling ontology,mamo.owl,"The Mathematical Modelling Ontology (MAMO) is a classification of the types of mathematical models used mostly in the life sciences, their variables, relationships and other relevant features.",http://sourceforge.net/p/mamo-ontology/wiki/Home/,,http://purl.obolibrary.org/obo/mamo.owl
rex,Physico-chemical process,rex.owl,"An ontology of physico-chemical processes, i.e. physico-chemical changes occurring in course of time.",,,http://purl.obolibrary.org/obo/rex.owl
sibo,Social Insect Behavior Ontology,"sibo.owl, sibo.obo",Social Behavior in insects,https://github.com/obophenotype/sibo,,http://purl.obolibrary.org/obo/sibo.owl
vario,Variation Ontology,"vario.owl, vario.obo","Variation Ontology, VariO, is an ontology for standardized, systematic description of effects, consequences and mechanisms of variations.",http://variationontology.org,,http://purl.obolibrary.org/obo/vario.owl
eupath,VEuPathDB ontology,eupath.owl,"An ontology is developed to support Eukaryotic Pathogen, Host & Vector Genomics Resource (VEuPathDB; https://veupathdb.org).",https://github.com/VEuPathDB-ontology/VEuPathDB-ontology,,http://purl.obolibrary.org/obo/eupath.owl
fbbi,Biological Imaging Methods Ontology,fbbi.owl,"A structured controlled vocabulary of sample preparation, visualization and imaging methods used in biomedical research.",http://cellimagelibrary.org/,,http://purl.obolibrary.org/obo/fbbi.owl
mfmo,Mammalian Feeding Muscle Ontology,mfmo.owl,"The Mammalian Feeding Muscle Ontology is an antomy ontology for the muscles of the head and neck that participate in feeding, swallowing, and other oral-pharyngeal behaviors.",https://github.com/rdruzinsky/feedontology,,http://purl.obolibrary.org/obo/mfmo.owl
micro,Ontology of Prokaryotic Phenotypic and Metabolic Characters,micro.owl,An ontology of prokaryotic phenotypic and metabolic characters,https://github.com/carrineblank/MicrO,,http://purl.obolibrary.org/obo/micro.owl
ogsf,Ontology of Genetic Susceptibility Factor,ogsf.owl,"An application ontology to represent genetic susceptibility to a specific disease, adverse event, or a pathological process.",https://github.com/linikujp/OGSF,,http://purl.obolibrary.org/obo/ogsf.owl
olatdv,Medaka Developmental Stages,"olatdv.obo, olatdv.owl",Life cycle stages for Medaka,https://github.com/obophenotype/developmental-stage-ontologies/wiki/OlatDv,,http://purl.obolibrary.org/obo/olatdv.owl
pdumdv,Platynereis Developmental Stages,"pdumdv.owl, pdumdv.obo",Life cycle stages for Platynereis dumerilii,https://github.com/obophenotype/developmental-stage-ontologies/wiki/PdumDv,,http://purl.obolibrary.org/obo/pdumdv.owl
aeo,Anatomical Entity Ontology,aeo.owl,"AEO is an ontology of anatomical structures that expands CARO, the Common Anatomy Reference Ontology",https://github.com/obophenotype/human-developmental-anatomy-ontology/,,http://purl.obolibrary.org/obo/aeo.owl
ceph,Cephalopod Ontology,"ceph.owl, ceph.obo",An anatomical and developmental ontology for cephalopods,https://github.com/obophenotype/cephalopod-ontology,,http://purl.obolibrary.org/obo/ceph.owl
ehdaa2,"Human developmental anatomy, abstract","ehdaa2.owl, ehdaa2.obo",A structured controlled vocabulary of stage-specific anatomical structures of the developing human.,https://github.com/obophenotype/human-developmental-anatomy-ontology,,http://purl.obolibrary.org/obo/ehdaa2.owl
fma,Foundational Model of Anatomy Ontology (subset),fma.owl,This is currently a slimmed down version of FMA,http://si.washington.edu/projects/fma,,http://purl.obolibrary.org/obo/fma.owl
gaz,Gazetteer,"gaz.owl, gaz.obo, gaz/gaz-countries.owl",A gazetteer constructed on ontological principles. The countries are actively maintained.,http://environmentontology.github.io/gaz/,,http://purl.obolibrary.org/obo/gaz.owl
idomal,Malaria Ontology,"idomal.owl, idomal.obo",An application ontology to cover all aspects of malaria as well as the intervention attempts to control it.,https://www.vectorbase.org/ontology-browser,,http://purl.obolibrary.org/obo/idomal.owl
miro,Mosquito insecticide resistance,"miro.owl, miro.obo",Application ontology for entities related to insecticide resistance in mosquitos,,,http://purl.obolibrary.org/obo/miro.owl
rnao,RNA ontology,"rnao.owl, rnao.obo","Controlled vocabulary pertaining to RNA function and based on RNA sequences, secondary and three-dimensional structures.",https://github.com/bgsu-rna/rnao,,http://purl.obolibrary.org/obo/rnao.owl
tads,Tick Anatomy Ontology,"tads.owl, tads.obo","The anatomy of the Tick, <i>Families: Ixodidae, Argassidae</i>",https://www.vectorbase.org/ontology-browser,,http://purl.obolibrary.org/obo/tads.owl
tgma,Mosquito gross anatomy ontology,"tgma.owl, tgma.obo",A structured controlled vocabulary of the anatomy of mosquitoes.,https://www.vectorbase.org/ontology-browser,,http://purl.obolibrary.org/obo/tgma.owl
upa,Unipathway,"upa.owl, upa.obo",A manually curated resource for the representation and annotation of metabolic pathways,https://github.com/geneontology/unipathway,,http://purl.obolibrary.org/obo/upa.owl
aao,Amphibian gross anatomy,,,http://github.com/seger/aao,,
adw,Animal natural history and life history,,,http://www.animaldiversity.org,,
aero,Adverse Event Reporting Ontology,aero.owl,"The Adverse Event Reporting Ontology (AERO) is an ontology aimed at supporting clinicians at the time of data entry, increasing quality and accuracy of reported adverse events",http://purl.obolibrary.org/obo/aero,,
ato,Amphibian taxonomy,,,http://www.amphibanat.org,,
bcgo,Beta Cell Genomics Ontology,bcgo.owl,An application ontology built for beta cell genomics studies.,https://github.com/obi-bcgo/bcgo,,
bila,Bilateria anatomy,bila.owl,,http://4dx.embl.de/4DXpress,,
bootstrep,Gene Regulation Ontology,,,http://www.ebi.ac.uk/Rebholz-srv/GRO/GRO.html,,
cmf,CranioMaxilloFacial ontology,,,https://code.google.com/p/craniomaxillofacial-ontology/,,
dc_cl,Dendritic cell,,,http://www.dukeontologygroup.org/Projects.html,,
dinto,The Drug-Drug Interactions Ontology,dinto.owl,A formal represention for drug-drug interactions knowledge.,http://labda.inf.uc3m.es/doku.php?id=es:labda_dinto,,
ehda,"Human developmental anatomy, timed version",,,http://genex.hgu.mrc.ac.uk/,,
ehdaa,"Human developmental anatomy, abstract version",,,,,
emap,"Mouse gross anatomy and development, timed",emap.owl,A structured controlled vocabulary of stage-specific anatomical structures of the mouse (Mus).,http://emouseatlas.org,,
eo,Plant Environment Ontology,"eo.owl, eo.obo","A structured, controlled vocabulary which describes the treatments, growing conditions, and/or study types used in plant biology experiments.",http://planteome.org/,,
epo,Epidemiology Ontology,epo.owl,An ontology designed to support the semantic annotation of epidemiology resources,https://code.google.com/p/epidemiology-ontology/,,
ero,eagle-i resource ontology,ero.owl,"An ontology of research resources such as instruments. protocols, reagents, animal models and biospecimens.",https://open.med.harvard.edu/wiki/display/eaglei/Ontology,,
ev,eVOC (Expressed Sequence Annotation for Humans),,,,,
fbsp,Fly taxonomy,fbsp.owl,The taxonomy of the family <i>Drosophilidae</i> (largely after Baechli) and of other taxa referred to in FlyBase.,http://www.flybase.org/,,
flu,Influenza Ontology,flu.owl,,http://purl.obolibrary.org/obo/flu/,,
gro,Cereal Plant Gross Anatomy,,,http://www.gramene.org/plant_ontology/,,
habronattus,Habronattus courtship,,,http://www.mesquiteproject.org/ontology/Habronattus/index.html,,
iev,Event (INOH pathway ontology),,,http://www.inoh.org,,
imr,Molecule role (INOH Protein name/family name ontology),,,http://www.inoh.org,,
ipr,Protein Domains,,,http://www.ebi.ac.uk/interpro/index.html,,
lipro,Lipid Ontology,,An ontology representation of the LIPIDMAPS nomenclature classification.,,,
loggerhead,Loggerhead nesting,,,http://www.mesquiteproject.org/ontology/Loggerhead/index.html,,
mao,Multiple alignment,,,http://www-igbmc.u-strasbg.fr/BioInfo/MAO/mao.html,,
mat,Minimal anatomical terminology,,,,,
mfo,Medaka fish anatomy and development,mfo.owl,"A structured controlled vocabulary of the anatomy and development of the Japanese medaka fish, <i>Oryzias latipes</i>.",,,
mirnao,microRNA Ontology,mirnao.owl,An application ontology for use with miRNA databases.,http://code.google.com/p/mirna-ontology/,,
mo,Microarray experimental conditions,mo.owl,A standardized description of a microarray experiment in support of MAGE v.1.,http://mged.sourceforge.net/ontologies/MGEDontology.php,,
nif_cell,NIF Cell,,Neuronal cell types,http://neuinfo.org/,,
nif_dysfunction,NIF Dysfunction,,,http://neuinfo.org/,,
nif_grossanatomy,NIF Gross Anatomy,,,http://neuinfo.org/,,
nmr,NMR-instrument specific component of metabolomics investigations,nmr.owl,Descriptors relevant to the experimental conditions of the Nuclear Magnetic Resonance (NMR) component in a metabolomics investigation.,http://msi-ontology.sourceforge.net/,,
obo_rel,OBO relationship types (legacy),,,http://www.obofoundry.org/ro,,
ogi,Ontology for genetic interval,ogi.owl,An ontology that formalizes the genomic element by defining an upper class genetic interval,https://code.google.com/p/ontology-for-genetic-interval/,,
omiabis,Ontologized MIABIS,omiabis.owl,An ontological version of MIABIS (Minimum Information About BIobank data Sharing),https://github.com/OMIABIS/omiabis-dev,,
pao,Plant Anatomy Ontology,,,http://www.plantontology.org,,
pd_st,Platynereis stage ontology,,,http://4dx.embl.de/platy,,
pgdso,Plant Growth and Development Stage,,,http://www.plantontology.org,,
plo,Plasmodium life cycle,,,http://www.sanger.ac.uk/Users/mb4/PLO/,,
propreo,Proteomics data and process provenance,,,http://lsdis.cs.uga.edu/projects/glycomics/propreo/,,
resid,Protein covalent bond,,For the description of covalent bonds in proteins.,http://www.ebi.ac.uk/RESID/,,
sao,Subcellular anatomy ontology,,,http://ccdb.ucsd.edu/CCDBWebSite/sao.html,,
sep,Sample processing and separation techniques,sep.owl,A structured controlled vocabulary for the annotation of sample processing and separation techniques in scientific experiments.,http://psidev.info/index.php?q=node/312,,
sopharm,Suggested Ontology for Pharmacogenomics,,,http://www.loria.fr/~coulet/sopharm2.0_description.php,,
tahe,Terminology of Anatomy of Human Embryology,,,,,
tahh,Terminology of Anatomy of Human Histology,,,,,
tao,Teleost Anatomy Ontology,tao.owl,"Multispecies fish anatomy ontology. Originally seeded from ZFA, but intended to cover terms relevant to other taxa",http://wiki.phenoscape.org/wiki/Teleost_Anatomy_Ontology,,
vhog,Vertebrate Homologous Ontology Group Ontology,vhog.owl,,,,
vsao,Vertebrate Skeletal Anatomy Ontology-,vsao.owl,Vertebrate skeletal anatomy ontology.,https://www.nescent.org/phenoscape/Main_Page,,
ypo,Yeast phenotypes,,,http://www.yeastgenome.org/,,
zea,Maize gross anatomy,,,http://www.maizemap.org/,,
